title,price,img
4 pcs Bed Sheet Organizer Elastic Strap Label Bands King Queen Full Twin Linen Bedding Closet Organizer,$10.99,https://m.media-amazon.com/images/I/81SM4NqocAL._AC_UL320_.jpg
LEVOIT Top Fill Humidifiers for Bedroom, Super Easy to Fill and Clean, 26db Quiet Cool Mist Air Humidifier for Home Baby Nursery & Plants, Auto Shut-off and BPA-Free for Safety, 2.5L, 360° Nozzle,$29.99,https://m.media-amazon.com/images/I/71xIgTqSN6L._AC_UL320_.jpg
Pot Lid Organizer for Cabinet with 6 Adjustable Dividers - Anti-Scratch Padding - Bakeware, Cookware - Perfect pot lid holder for Kitchen Organization (Dark Grey),$9.99,https://m.media-amazon.com/images/I/816Y6Z0aKAL._AC_UL320_.jpg
Homedics SoundSleep White Noise Sound Machine, Silver, Small Travel Sound Machine with 6 Relaxing Nature Sounds, Portable Sound Therapy for Home, Office, Nursery, Auto-Off Timer, By Homedics,$21.18,https://m.media-amazon.com/images/I/61XYX1tzoTL._AC_UL320_.jpg
mop and bucket with Wringer Set, Flat ,for floor cleaning with 3 Microfiber Pads, Wet and Dry Use, Household cleaning Tools, for Hardwood, Laminate, Tile,$39.99,https://m.media-amazon.com/images/I/81V-04oXxML._AC_UL640_QL65_.jpg
Utopia Home - Fridge Organizers and Storage Clear- Set of 8 Refrigerator Organizer Bins - Pantry Organizers and Storage - Clear Plastic Storage Bins For Home and Kitchen Organization,$19.49,https://m.media-amazon.com/images/I/91VHEN1SxQL._AC_UL320_.jpg
Utopia Home Premium Velvet Hangers 30 Pack - Non-Slip Clothes Black Suit with 360 Degree Rotatable Hook Heavy Duty Coat,$16.49,https://m.media-amazon.com/images/I/81rJyyVoYXL._AC_UL320_.jpg
Orionstar Kids Art Frames, Artwork Picture Frames Changeable, 13x10 Front Opening Picture Display Frames Holds 100 A4 Pcs, Artwork Display Storage Frames for Children, Home and Office (Black 2 Pack),$28.99,https://m.media-amazon.com/images/I/71JXFg6wUZL._AC_UL320_.jpg
3 Pack Water Bottle Organizer, Stackable Kitchen Home Organization and Storage Rack, Plastic Tumbler Holder for Kitchen Cabinet Cupboard Fridge Organizer and Storage, Wine Mug Cup Organizer,$23.99,https://m.media-amazon.com/images/I/714B6WIZgJL._AC_UL320_.jpg
Floating Shelves with Wire Storage Basket, Wall Mounted Bathroom Shelves Over Toilet with Metal Guardrail, Rustic Wood Wall Shelf for Bathroom Decor,Bedroom,Living Room,Kitchen – Rustic Brown,$21.99,https://m.media-amazon.com/images/I/71pOLYsaUdL._AC_UL320_.jpg
Mckanti 8 Pcs Drink Coasters with Holder, Minimalist Cotton Woven 4 Colors Absorbent Coaster Set for Home Decor Tabletop Protection Suitable for Kinds of Cups, 4.3 Inches.(NO.2),$9.99,https://m.media-amazon.com/images/I/81D9ybwtAEL._AC_UL320_.jpg
Hula Home 5 Second Continuous Spray Bottle (10.1oz/300ml) Empty Ultra Fine Plastic Water Mist Sprayer – For Hairstyling, Cleaning, Salons, Plants, Essential Oil Scents & More - White,$10.99,https://m.media-amazon.com/images/I/61uc7IAFAiL._AC_UL320_.jpg
Stylish Dishwasher Magnet Clean Dirty Sign - Ideal Clean Dirty Magnet for Dishwasher - Kitchen Organizer and Gadget - Nice Office, Home Farmhouse Decor - Dirty Clean Dishwasher Magnet,$7.99,https://m.media-amazon.com/images/I/716M5Ut5WKL._AC_UL320_.jpg
AmazonCommercial 10 Gallon Rectangular Commercial Office Wastebasket, w/ Recycle Logo, 1-Pack, Blue,$17.01,https://m.media-amazon.com/images/I/81uZoBGYzLL._AC_UL320_.jpg
2 Pack Under Sink Organizers and Storage, Sliding Cabinet Basket Organizer 2 Tier Pull Out Under Cabinet Storage with 8 Hooks Multi-Purpose Drawer Organizer for Bathroom Kitchen Storage, Black,$29.99,https://m.media-amazon.com/images/I/71wxFIJrGEL._AC_UL320_.jpg
Candle Warmer Lamp, Electric Candle Lamp Warmer with Dimmable & Timer for Jar Scented Candles, Bedroom Candle Warmer Light with 2 Wax Warmer Halogen Bulbs for Home Decor,$29.99,https://m.media-amazon.com/images/I/61H43fM+EHL._AC_UL320_.jpg
24-Piece Black Silverware Set with Steak Knives, Black Flatware Set for 4, Food-Grade Stainless Steel Tableware Cutlery Set, Mirror Finished Utensil Sets for Home Restaurant,$19.99,https://m.media-amazon.com/images/I/71vZ7TGZW1L._AC_UL320_.jpg
Shower Caddy 5 Pack,Adhesive Shower Organizer for Bathroom Storage&Home Decor&Kitchen,No Drilling,Large Capacity,Rustproof Stainless Steel Bathroom Organizer,Shower Shelves for Inside Shower,$25.99,https://m.media-amazon.com/images/I/81RLgrUwG5L._AC_UL320_.jpg
Utopia Kitchen Caddy Can Organizer For Pantry (Pack of 2) - Soda Can Storage Organizer Pantry, Fridge & Freezer Organization - Holds Food & Soup Can (Clear),$9.99,https://m.media-amazon.com/images/I/81WR5GYdJvL._AC_UL320_.jpg
Glass Cups - Glass Cups With Lids And Straws - 16oz Iced Coffee Cup 4pcs Set - Glass Tumbler With Straw And Lid - Glass Coffee Cups - Ice Coffee Cup - Glass Cups With Bamboo Lids,$14.99,https://m.media-amazon.com/images/I/81R4Ij+gDVL._AC_UL320_.jpg
Amazon Basics 8 Sheet Cross Cut Paper and Credit Card Shredder with 4.1 Gallon Bin, Black,$55.05,https://m.media-amazon.com/images/I/81vKaylqd6L._AC_UL320_.jpg
Puransen Book Vase for Flowers, Acrylic Clear Book Flower Vase, A Book About Flowers Vase, Unique Home/Bedroom/Office Accent Flowers Vase Decor(Clear - B),$15.99,https://m.media-amazon.com/images/I/71q0PwmVCWL._AC_UL320_.jpg
Key Holder for Wall, Decorative Key and Mail Holder with Shelf Has Large Key Hooks for Bags, Coats, Umbrella – Paulownia Wood Key Hanger with Mounting Hardware (9.8”W x 6.7”H x 4.2”D),$12.99,https://m.media-amazon.com/images/I/61sHXVsbXAL._AC_UL320_.jpg
Sponge Holder , Caddy Organizer, Sink Accessories with Drip Tray, Rustproof and Non-slip , Kitchen Essentials for New Home（Matte Black,$14.99,https://m.media-amazon.com/images/I/81q6tPcRZdL._AC_UL320_.jpg
Home Hero Kitchen Utensils Set - Cooking Utensils Set with Spatula - First Home Essentials Utensil Sets - Household Essentials - Kitchen Gadgets & Kitchen Tool Gift (33 Pcs Set - Stone),$22.99,https://m.media-amazon.com/images/I/713P8jdA73L._AC_UL320_.jpg
WOWBOX 25 PCS Clear Plastic Drawer Organizer Set, 4 Sizes Desk Drawer Divider Organizers and Storage Bins for Makeup, Jewelry, Gadgets for Kitchen, Bedroom, Bathroom, Office,$25.99,https://m.media-amazon.com/images/I/81B7Vg7Ls3L._AC_UL320_.jpg
Utopia Home Premium Wooden Hangers 30 Pack - Durable & Slim Coat Hanger - Suit Hangers with 360-Degree Rotatable Hook - Wood Hangers with Shoulder Grooves (Natural Color),$28.99,https://m.media-amazon.com/images/I/81FZDgsddJL._AC_UL320_.jpg
Yankee Candle Home Sweet Home Scented, Classic 22oz Large Jar Single Wick Candle, Over 110 Hours of Burn Time,$16.89,https://m.media-amazon.com/images/I/71zqo9BFowL._AC_UL320_.jpg
DecoBros Kitchen Counter and Cabinet Pan Organizer Shelf Rack, Bronze,$16.87,https://m.media-amazon.com/images/I/71D2gukC7kL._AC_UL320_.jpg
Amazon Basics Silicone, Non-Stick, Food Safe Baking Mat, Pack of 2, New Beige/Gray, Rectangular, 16.5" x 11.6",$8.60,https://m.media-amazon.com/images/I/81IC5+bWDgL._AC_UL320_.jpg
Upgrade Soda Can Organizer with Adjustable Width, Double-Layer Automatic Rolling Stackable Beverage Can Dispenser Rack for Standard Cans, Skinny Cans, And Tall Cans (Clear）,$26.99,https://m.media-amazon.com/images/I/810EEOzeusL._AC_UL320_.jpg
CADUKE 2-Tier Under Sink Cabinet Organizer with Sliding Basket Drawer, Bathroom Under Sink Storage Set of 2 Under Cabinet Organizers and Storage Pull Out, White Mesh Metal,$24.49,https://m.media-amazon.com/images/I/71ETqlO2zlL._AC_UL320_.jpg
MUBVIEW Cameras for Home Security, Indoor Security Camera, 2.4G WiFi Wired Camera Ideal for Dog/Elder/Baby, Motion Tracking, Two-Way Audio, Pan Tilt, 24/7, 2K Night Vision PK320B-D,$29.99,https://m.media-amazon.com/images/I/512JB+Iz6sL._AC_UL320_.jpg
Glass Vase,Irregular Shaped Frosted Vase for Flower, Modern Minimalism Fashionable Vase,Home Bedroom Kitchen Living Room Office Wedding Holiday Decor Vase,$21.99,https://m.media-amazon.com/images/I/71V49EoiSKL._AC_UL320_.jpg
Pot Rack -Expandable Pan Organizer for Cabinet,Pot Lid Holder with 10 Adjustable Compartment for Kitchen Cabinet Cookware Baking Frying Rack,Bronze,$22.67,https://m.media-amazon.com/images/I/71xwUK60zRL._AC_UL640_QL65_.jpg
4 pcs Bed Sheet Organizer Elastic Strap Label Bands King Queen Full Twin Linen Bedding Closet Organizer,$10.99,https://m.media-amazon.com/images/I/81SM4NqocAL._AC_UL320_.jpg
LEVOIT Top Fill Humidifiers for Bedroom, Super Easy to Fill and Clean, 26db Quiet Cool Mist Air Humidifier for Home Baby Nursery & Plants, Auto Shut-off and BPA-Free for Safety, 2.5L, 360° Nozzle,$29.99,https://m.media-amazon.com/images/I/71xIgTqSN6L._AC_UL320_.jpg
Pot Lid Organizer for Cabinet with 6 Adjustable Dividers - Anti-Scratch Padding - Bakeware, Cookware - Perfect pot lid holder for Kitchen Organization (Dark Grey),$9.99,https://m.media-amazon.com/images/I/816Y6Z0aKAL._AC_UL320_.jpg
Homedics SoundSleep White Noise Sound Machine, Silver, Small Travel Sound Machine with 6 Relaxing Nature Sounds, Portable Sound Therapy for Home, Office, Nursery, Auto-Off Timer, By Homedics,$21.18,https://m.media-amazon.com/images/I/61XYX1tzoTL._AC_UL320_.jpg
mop and bucket with Wringer Set, Flat ,for floor cleaning with 3 Microfiber Pads, Wet and Dry Use, Household cleaning Tools, for Hardwood, Laminate, Tile,$39.99,https://m.media-amazon.com/images/I/81V-04oXxML._AC_UL640_QL65_.jpg
Utopia Home - Fridge Organizers and Storage Clear- Set of 8 Refrigerator Organizer Bins - Pantry Organizers and Storage - Clear Plastic Storage Bins For Home and Kitchen Organization,$19.49,https://m.media-amazon.com/images/I/91VHEN1SxQL._AC_UL320_.jpg
Utopia Home Premium Velvet Hangers 30 Pack - Non-Slip Clothes Black Suit with 360 Degree Rotatable Hook Heavy Duty Coat,$16.49,https://m.media-amazon.com/images/I/81rJyyVoYXL._AC_UL320_.jpg
Orionstar Kids Art Frames, Artwork Picture Frames Changeable, 13x10 Front Opening Picture Display Frames Holds 100 A4 Pcs, Artwork Display Storage Frames for Children, Home and Office (Black 2 Pack),$28.99,https://m.media-amazon.com/images/I/71JXFg6wUZL._AC_UL320_.jpg
3 Pack Water Bottle Organizer, Stackable Kitchen Home Organization and Storage Rack, Plastic Tumbler Holder for Kitchen Cabinet Cupboard Fridge Organizer and Storage, Wine Mug Cup Organizer,$23.99,https://m.media-amazon.com/images/I/714B6WIZgJL._AC_UL320_.jpg
Floating Shelves with Wire Storage Basket, Wall Mounted Bathroom Shelves Over Toilet with Metal Guardrail, Rustic Wood Wall Shelf for Bathroom Decor,Bedroom,Living Room,Kitchen – Rustic Brown,$21.99,https://m.media-amazon.com/images/I/71pOLYsaUdL._AC_UL320_.jpg
Mckanti 8 Pcs Drink Coasters with Holder, Minimalist Cotton Woven 4 Colors Absorbent Coaster Set for Home Decor Tabletop Protection Suitable for Kinds of Cups, 4.3 Inches.(NO.2),$9.99,https://m.media-amazon.com/images/I/81D9ybwtAEL._AC_UL320_.jpg
Hula Home 5 Second Continuous Spray Bottle (10.1oz/300ml) Empty Ultra Fine Plastic Water Mist Sprayer – For Hairstyling, Cleaning, Salons, Plants, Essential Oil Scents & More - White,$10.99,https://m.media-amazon.com/images/I/61uc7IAFAiL._AC_UL320_.jpg
Stylish Dishwasher Magnet Clean Dirty Sign - Ideal Clean Dirty Magnet for Dishwasher - Kitchen Organizer and Gadget - Nice Office, Home Farmhouse Decor - Dirty Clean Dishwasher Magnet,$7.99,https://m.media-amazon.com/images/I/716M5Ut5WKL._AC_UL320_.jpg
AmazonCommercial 10 Gallon Rectangular Commercial Office Wastebasket, w/ Recycle Logo, 1-Pack, Blue,$17.01,https://m.media-amazon.com/images/I/81uZoBGYzLL._AC_UL320_.jpg
2 Pack Under Sink Organizers and Storage, Sliding Cabinet Basket Organizer 2 Tier Pull Out Under Cabinet Storage with 8 Hooks Multi-Purpose Drawer Organizer for Bathroom Kitchen Storage, Black,$29.99,https://m.media-amazon.com/images/I/71wxFIJrGEL._AC_UL320_.jpg
Candle Warmer Lamp, Electric Candle Lamp Warmer with Dimmable & Timer for Jar Scented Candles, Bedroom Candle Warmer Light with 2 Wax Warmer Halogen Bulbs for Home Decor,$29.99,https://m.media-amazon.com/images/I/61H43fM+EHL._AC_UL320_.jpg
24-Piece Black Silverware Set with Steak Knives, Black Flatware Set for 4, Food-Grade Stainless Steel Tableware Cutlery Set, Mirror Finished Utensil Sets for Home Restaurant,$19.99,https://m.media-amazon.com/images/I/71vZ7TGZW1L._AC_UL320_.jpg
Shower Caddy 5 Pack,Adhesive Shower Organizer for Bathroom Storage&Home Decor&Kitchen,No Drilling,Large Capacity,Rustproof Stainless Steel Bathroom Organizer,Shower Shelves for Inside Shower,$25.99,https://m.media-amazon.com/images/I/81RLgrUwG5L._AC_UL320_.jpg
Utopia Kitchen Caddy Can Organizer For Pantry (Pack of 2) - Soda Can Storage Organizer Pantry, Fridge & Freezer Organization - Holds Food & Soup Can (Clear),$9.99,https://m.media-amazon.com/images/I/81WR5GYdJvL._AC_UL320_.jpg
Glass Cups - Glass Cups With Lids And Straws - 16oz Iced Coffee Cup 4pcs Set - Glass Tumbler With Straw And Lid - Glass Coffee Cups - Ice Coffee Cup - Glass Cups With Bamboo Lids,$14.99,https://m.media-amazon.com/images/I/81R4Ij+gDVL._AC_UL320_.jpg
Amazon Basics 8 Sheet Cross Cut Paper and Credit Card Shredder with 4.1 Gallon Bin, Black,$55.05,https://m.media-amazon.com/images/I/81vKaylqd6L._AC_UL320_.jpg
Puransen Book Vase for Flowers, Acrylic Clear Book Flower Vase, A Book About Flowers Vase, Unique Home/Bedroom/Office Accent Flowers Vase Decor(Clear - B),$15.99,https://m.media-amazon.com/images/I/71q0PwmVCWL._AC_UL320_.jpg
Key Holder for Wall, Decorative Key and Mail Holder with Shelf Has Large Key Hooks for Bags, Coats, Umbrella – Paulownia Wood Key Hanger with Mounting Hardware (9.8”W x 6.7”H x 4.2”D),$12.99,https://m.media-amazon.com/images/I/61sHXVsbXAL._AC_UL320_.jpg
Sponge Holder , Caddy Organizer, Sink Accessories with Drip Tray, Rustproof and Non-slip , Kitchen Essentials for New Home（Matte Black,$14.99,https://m.media-amazon.com/images/I/81q6tPcRZdL._AC_UL320_.jpg
Home Hero Kitchen Utensils Set - Cooking Utensils Set with Spatula - First Home Essentials Utensil Sets - Household Essentials - Kitchen Gadgets & Kitchen Tool Gift (33 Pcs Set - Stone),$22.99,https://m.media-amazon.com/images/I/713P8jdA73L._AC_UL320_.jpg
WOWBOX 25 PCS Clear Plastic Drawer Organizer Set, 4 Sizes Desk Drawer Divider Organizers and Storage Bins for Makeup, Jewelry, Gadgets for Kitchen, Bedroom, Bathroom, Office,$25.99,https://m.media-amazon.com/images/I/81B7Vg7Ls3L._AC_UL320_.jpg
Utopia Home Premium Wooden Hangers 30 Pack - Durable & Slim Coat Hanger - Suit Hangers with 360-Degree Rotatable Hook - Wood Hangers with Shoulder Grooves (Natural Color),$28.99,https://m.media-amazon.com/images/I/81FZDgsddJL._AC_UL320_.jpg
Yankee Candle Home Sweet Home Scented, Classic 22oz Large Jar Single Wick Candle, Over 110 Hours of Burn Time,$16.89,https://m.media-amazon.com/images/I/71zqo9BFowL._AC_UL320_.jpg
DecoBros Kitchen Counter and Cabinet Pan Organizer Shelf Rack, Bronze,$16.87,https://m.media-amazon.com/images/I/71D2gukC7kL._AC_UL320_.jpg
Amazon Basics Silicone, Non-Stick, Food Safe Baking Mat, Pack of 2, New Beige/Gray, Rectangular, 16.5" x 11.6",$8.60,https://m.media-amazon.com/images/I/81IC5+bWDgL._AC_UL320_.jpg
Upgrade Soda Can Organizer with Adjustable Width, Double-Layer Automatic Rolling Stackable Beverage Can Dispenser Rack for Standard Cans, Skinny Cans, And Tall Cans (Clear）,$26.99,https://m.media-amazon.com/images/I/810EEOzeusL._AC_UL320_.jpg
CADUKE 2-Tier Under Sink Cabinet Organizer with Sliding Basket Drawer, Bathroom Under Sink Storage Set of 2 Under Cabinet Organizers and Storage Pull Out, White Mesh Metal,$24.49,https://m.media-amazon.com/images/I/71ETqlO2zlL._AC_UL320_.jpg
MUBVIEW Cameras for Home Security, Indoor Security Camera, 2.4G WiFi Wired Camera Ideal for Dog/Elder/Baby, Motion Tracking, Two-Way Audio, Pan Tilt, 24/7, 2K Night Vision PK320B-D,$29.99,https://m.media-amazon.com/images/I/512JB+Iz6sL._AC_UL320_.jpg
Glass Vase,Irregular Shaped Frosted Vase for Flower, Modern Minimalism Fashionable Vase,Home Bedroom Kitchen Living Room Office Wedding Holiday Decor Vase,$21.99,https://m.media-amazon.com/images/I/71V49EoiSKL._AC_UL320_.jpg
Pot Rack -Expandable Pan Organizer for Cabinet,Pot Lid Holder with 10 Adjustable Compartment for Kitchen Cabinet Cookware Baking Frying Rack,Bronze,$22.67,https://m.media-amazon.com/images/I/71xwUK60zRL._AC_UL640_QL65_.jpg
4 pcs Bed Sheet Organizer Elastic Strap Label Bands King Queen Full Twin Linen Bedding Closet Organizer,$10.99,https://m.media-amazon.com/images/I/81SM4NqocAL._AC_UL320_.jpg
LEVOIT Top Fill Humidifiers for Bedroom, Super Easy to Fill and Clean, 26db Quiet Cool Mist Air Humidifier for Home Baby Nursery & Plants, Auto Shut-off and BPA-Free for Safety, 2.5L, 360° Nozzle,$29.99,https://m.media-amazon.com/images/I/71xIgTqSN6L._AC_UL320_.jpg
Pot Lid Organizer for Cabinet with 6 Adjustable Dividers - Anti-Scratch Padding - Bakeware, Cookware - Perfect pot lid holder for Kitchen Organization (Dark Grey),$9.99,https://m.media-amazon.com/images/I/816Y6Z0aKAL._AC_UL320_.jpg
Homedics SoundSleep White Noise Sound Machine, Silver, Small Travel Sound Machine with 6 Relaxing Nature Sounds, Portable Sound Therapy for Home, Office, Nursery, Auto-Off Timer, By Homedics,$21.18,https://m.media-amazon.com/images/I/61XYX1tzoTL._AC_UL320_.jpg
mop and bucket with Wringer Set, Flat ,for floor cleaning with 3 Microfiber Pads, Wet and Dry Use, Household cleaning Tools, for Hardwood, Laminate, Tile,$39.99,https://m.media-amazon.com/images/I/81V-04oXxML._AC_UL640_QL65_.jpg
Utopia Home - Fridge Organizers and Storage Clear- Set of 8 Refrigerator Organizer Bins - Pantry Organizers and Storage - Clear Plastic Storage Bins For Home and Kitchen Organization,$19.49,https://m.media-amazon.com/images/I/91VHEN1SxQL._AC_UL320_.jpg
Utopia Home Premium Velvet Hangers 30 Pack - Non-Slip Clothes Black Suit with 360 Degree Rotatable Hook Heavy Duty Coat,$16.49,https://m.media-amazon.com/images/I/81rJyyVoYXL._AC_UL320_.jpg
Orionstar Kids Art Frames, Artwork Picture Frames Changeable, 13x10 Front Opening Picture Display Frames Holds 100 A4 Pcs, Artwork Display Storage Frames for Children, Home and Office (Black 2 Pack),$28.99,https://m.media-amazon.com/images/I/71JXFg6wUZL._AC_UL320_.jpg
3 Pack Water Bottle Organizer, Stackable Kitchen Home Organization and Storage Rack, Plastic Tumbler Holder for Kitchen Cabinet Cupboard Fridge Organizer and Storage, Wine Mug Cup Organizer,$23.99,https://m.media-amazon.com/images/I/714B6WIZgJL._AC_UL320_.jpg
Floating Shelves with Wire Storage Basket, Wall Mounted Bathroom Shelves Over Toilet with Metal Guardrail, Rustic Wood Wall Shelf for Bathroom Decor,Bedroom,Living Room,Kitchen – Rustic Brown,$21.99,https://m.media-amazon.com/images/I/71pOLYsaUdL._AC_UL320_.jpg
Mckanti 8 Pcs Drink Coasters with Holder, Minimalist Cotton Woven 4 Colors Absorbent Coaster Set for Home Decor Tabletop Protection Suitable for Kinds of Cups, 4.3 Inches.(NO.2),$9.99,https://m.media-amazon.com/images/I/81D9ybwtAEL._AC_UL320_.jpg
Hula Home 5 Second Continuous Spray Bottle (10.1oz/300ml) Empty Ultra Fine Plastic Water Mist Sprayer – For Hairstyling, Cleaning, Salons, Plants, Essential Oil Scents & More - White,$10.99,https://m.media-amazon.com/images/I/61uc7IAFAiL._AC_UL320_.jpg
Stylish Dishwasher Magnet Clean Dirty Sign - Ideal Clean Dirty Magnet for Dishwasher - Kitchen Organizer and Gadget - Nice Office, Home Farmhouse Decor - Dirty Clean Dishwasher Magnet,$7.99,https://m.media-amazon.com/images/I/716M5Ut5WKL._AC_UL320_.jpg
AmazonCommercial 10 Gallon Rectangular Commercial Office Wastebasket, w/ Recycle Logo, 1-Pack, Blue,$17.01,https://m.media-amazon.com/images/I/81uZoBGYzLL._AC_UL320_.jpg
2 Pack Under Sink Organizers and Storage, Sliding Cabinet Basket Organizer 2 Tier Pull Out Under Cabinet Storage with 8 Hooks Multi-Purpose Drawer Organizer for Bathroom Kitchen Storage, Black,$29.99,https://m.media-amazon.com/images/I/71wxFIJrGEL._AC_UL320_.jpg
Candle Warmer Lamp, Electric Candle Lamp Warmer with Dimmable & Timer for Jar Scented Candles, Bedroom Candle Warmer Light with 2 Wax Warmer Halogen Bulbs for Home Decor,$29.99,https://m.media-amazon.com/images/I/61H43fM+EHL._AC_UL320_.jpg
24-Piece Black Silverware Set with Steak Knives, Black Flatware Set for 4, Food-Grade Stainless Steel Tableware Cutlery Set, Mirror Finished Utensil Sets for Home Restaurant,$19.99,https://m.media-amazon.com/images/I/71vZ7TGZW1L._AC_UL320_.jpg
Shower Caddy 5 Pack,Adhesive Shower Organizer for Bathroom Storage&Home Decor&Kitchen,No Drilling,Large Capacity,Rustproof Stainless Steel Bathroom Organizer,Shower Shelves for Inside Shower,$25.99,https://m.media-amazon.com/images/I/81RLgrUwG5L._AC_UL320_.jpg
Utopia Kitchen Caddy Can Organizer For Pantry (Pack of 2) - Soda Can Storage Organizer Pantry, Fridge & Freezer Organization - Holds Food & Soup Can (Clear),$9.99,https://m.media-amazon.com/images/I/81WR5GYdJvL._AC_UL320_.jpg
Glass Cups - Glass Cups With Lids And Straws - 16oz Iced Coffee Cup 4pcs Set - Glass Tumbler With Straw And Lid - Glass Coffee Cups - Ice Coffee Cup - Glass Cups With Bamboo Lids,$14.99,https://m.media-amazon.com/images/I/81R4Ij+gDVL._AC_UL320_.jpg
Amazon Basics 8 Sheet Cross Cut Paper and Credit Card Shredder with 4.1 Gallon Bin, Black,$55.05,https://m.media-amazon.com/images/I/81vKaylqd6L._AC_UL320_.jpg
Puransen Book Vase for Flowers, Acrylic Clear Book Flower Vase, A Book About Flowers Vase, Unique Home/Bedroom/Office Accent Flowers Vase Decor(Clear - B),$15.99,https://m.media-amazon.com/images/I/71q0PwmVCWL._AC_UL320_.jpg
Key Holder for Wall, Decorative Key and Mail Holder with Shelf Has Large Key Hooks for Bags, Coats, Umbrella – Paulownia Wood Key Hanger with Mounting Hardware (9.8”W x 6.7”H x 4.2”D),$12.99,https://m.media-amazon.com/images/I/61sHXVsbXAL._AC_UL320_.jpg
Sponge Holder , Caddy Organizer, Sink Accessories with Drip Tray, Rustproof and Non-slip , Kitchen Essentials for New Home（Matte Black,$14.99,https://m.media-amazon.com/images/I/81q6tPcRZdL._AC_UL320_.jpg
Home Hero Kitchen Utensils Set - Cooking Utensils Set with Spatula - First Home Essentials Utensil Sets - Household Essentials - Kitchen Gadgets & Kitchen Tool Gift (33 Pcs Set - Stone),$22.99,https://m.media-amazon.com/images/I/713P8jdA73L._AC_UL320_.jpg
WOWBOX 25 PCS Clear Plastic Drawer Organizer Set, 4 Sizes Desk Drawer Divider Organizers and Storage Bins for Makeup, Jewelry, Gadgets for Kitchen, Bedroom, Bathroom, Office,$25.99,https://m.media-amazon.com/images/I/81B7Vg7Ls3L._AC_UL320_.jpg
Utopia Home Premium Wooden Hangers 30 Pack - Durable & Slim Coat Hanger - Suit Hangers with 360-Degree Rotatable Hook - Wood Hangers with Shoulder Grooves (Natural Color),$28.99,https://m.media-amazon.com/images/I/81FZDgsddJL._AC_UL320_.jpg
Yankee Candle Home Sweet Home Scented, Classic 22oz Large Jar Single Wick Candle, Over 110 Hours of Burn Time,$16.89,https://m.media-amazon.com/images/I/71zqo9BFowL._AC_UL320_.jpg
DecoBros Kitchen Counter and Cabinet Pan Organizer Shelf Rack, Bronze,$16.87,https://m.media-amazon.com/images/I/71D2gukC7kL._AC_UL320_.jpg
Amazon Basics Silicone, Non-Stick, Food Safe Baking Mat, Pack of 2, New Beige/Gray, Rectangular, 16.5" x 11.6",$8.60,https://m.media-amazon.com/images/I/81IC5+bWDgL._AC_UL320_.jpg
Upgrade Soda Can Organizer with Adjustable Width, Double-Layer Automatic Rolling Stackable Beverage Can Dispenser Rack for Standard Cans, Skinny Cans, And Tall Cans (Clear）,$26.99,https://m.media-amazon.com/images/I/810EEOzeusL._AC_UL320_.jpg
CADUKE 2-Tier Under Sink Cabinet Organizer with Sliding Basket Drawer, Bathroom Under Sink Storage Set of 2 Under Cabinet Organizers and Storage Pull Out, White Mesh Metal,$24.49,https://m.media-amazon.com/images/I/71ETqlO2zlL._AC_UL320_.jpg
MUBVIEW Cameras for Home Security, Indoor Security Camera, 2.4G WiFi Wired Camera Ideal for Dog/Elder/Baby, Motion Tracking, Two-Way Audio, Pan Tilt, 24/7, 2K Night Vision PK320B-D,$29.99,https://m.media-amazon.com/images/I/512JB+Iz6sL._AC_UL320_.jpg
Glass Vase,Irregular Shaped Frosted Vase for Flower, Modern Minimalism Fashionable Vase,Home Bedroom Kitchen Living Room Office Wedding Holiday Decor Vase,$21.99,https://m.media-amazon.com/images/I/71V49EoiSKL._AC_UL320_.jpg
Pot Rack -Expandable Pan Organizer for Cabinet,Pot Lid Holder with 10 Adjustable Compartment for Kitchen Cabinet Cookware Baking Frying Rack,Bronze,$22.67,https://m.media-amazon.com/images/I/71xwUK60zRL._AC_UL640_QL65_.jpg
